sample_id,cab_gate,mix_gate,cab_mean_l1_from_uniform,cab_mean_max_abs_from_uniform,cab_mean_kl_from_uniform,cab_mean_one_minus_entropy,mix_l1_from_uniform,mix_max_abs_from_uniform,mix_kl_from_uniform,mix_one_minus_entropy,cab_head_best_idx,cab_head_best_score
0,0.5239022374153137,1.0,0.02931470423936844,0.009021162986755371,0.00044470484158700796,0.0003207792842278845,0.005876578390598297,0.0018816590309143066,1.792951329083835e-05,1.2940860535770593e-05,2,0.020572739296204456
1,0.5239022374153137,1.0,0.028078019618988037,0.008760213851928711,0.0004046667849068584,0.0002919053818988271,0.0044863782823085785,0.0018446147441864014,1.1870317171721592e-05,8.55889856840597e-06,2,0.01967974764954092
2,0.5239022374153137,1.0,0.030529044568538666,0.00962674617767334,0.00048049224762139096,0.0003466242431562905,0.0051819197833538055,0.0018938630819320679,1.4667140143763809e-05,1.0591281045690959e-05,2,0.02156334832117384
3,0.5239022374153137,1.0,0.028012994676828384,0.008623361587524414,0.0004012250322808725,0.00028942640746640325,0.004226911813020706,0.0016837120056152344,1.0688189194344792e-05,7.713624063626634e-06,2,0.02054162976284072
4,0.5239022374153137,1.0,0.027633842080831528,0.008659332990646362,0.0003929985400391242,0.0002834996982664373,0.00461752712726593,0.0018032342195510864,1.2142303322567347e-05,8.773721555471736e-06,2,0.020073970730507776
5,0.5239022374153137,1.0,0.029476016759872437,0.009298563003540039,0.00044959362813347175,0.00032431324886170176,0.005213234573602676,0.0017047524452209473,1.4151094710429502e-05,1.0196681210106195e-05,2,0.021071291877000964
6,0.5239022374153137,1.0,0.026128485798835754,0.008421897888183594,0.00035495835984965945,0.00025606323389973373,0.00436648353934288,0.0016046464443206787,1.0591687507941372e-05,7.651463392127633e-06,2,0.020097145119667856
7,0.5239022374153137,1.0,0.02814439684152603,0.008803337812423706,0.000410239053959502,0.00029591747378260314,0.004636086523532867,0.001614391803741455,1.139959003661507e-05,8.215615426437894e-06,2,0.020481397172669856
8,0.5239022374153137,1.0,0.028394728899002075,0.008936449885368347,0.00041877118761403116,0.0003021093601413283,0.004676938056945801,0.00139617919921875,1.105629525794793e-05,7.990332330842786e-06,2,0.01888743874558798
9,0.5239022374153137,1.0,0.02490699663758278,0.007899120450019836,0.0003238408216933689,0.0002335905978763375,0.004123236984014511,0.0015105009078979492,8.918122380194938e-06,6.414439014557072e-06,2,0.018530903299474162
10,0.5239022374153137,1.0,0.02461644634604454,0.007685750722885132,0.0003164642847095062,0.00022827700179417487,0.00416216254234314,0.001809924840927124,9.620304976957621e-06,6.939583141019057e-06,2,0.018037092429891058
11,0.5239022374153137,1.0,0.028254840523004532,0.009157657623291016,0.00041761644672814297,0.00030123541247328856,0.005826305598020554,0.001699298620223999,1.7115289954492492e-05,1.2342346680016547e-05,2,0.020197158822941756
12,0.5239022374153137,1.0,0.029802370816469193,0.009826689958572388,0.00046259151109026607,0.00033369296479385246,0.00604499876499176,0.0017444342374801636,1.848189360462686e-05,1.3331868124799584e-05,2,0.021108093242785626
13,0.5239022374153137,1.0,0.030217546969652176,0.009942904114723206,0.0004750733657281304,0.0003426818185262581,0.006175532937049866,0.0017820298671722412,1.9273461080035307e-05,1.3917764521698128e-05,2,0.021081015272157007
14,0.5239022374153137,1.0,0.029126960784196854,0.009671524167060852,0.0004432839378879232,0.00031976549473858307,0.006005607545375824,0.0017725974321365356,1.8303113963482156e-05,1.321035645451829e-05,2,0.02086908605319627
15,0.5239022374153137,1.0,0.029254134744405746,0.009311676025390625,0.0004447382367696812,0.00032080709905035754,0.005344104021787643,0.0015847384929656982,1.4629975469449897e-05,1.0549571238721578e-05,2,0.020892538268821537
16,0.5239022374153137,1.0,0.02816098928451538,0.009188398718833923,0.0004153874902360919,0.0002996387361054731,0.005698695778846741,0.0016851425170898438,1.6366448546754615e-05,1.1805897077721283e-05,2,0.020256059634515093
17,0.5239022374153137,1.0,0.027648456394672394,0.009489715099334717,0.00040249474223541006,0.00029034603488406474,0.005578622221946716,0.0016739964485168457,1.5960491514112237e-05,1.148325865643618e-05,2,0.019876781069498008
18,0.5239022374153137,1.0,0.02816072851419449,0.009382069110870361,0.00041748304795251063,0.000301172713209924,0.005796831101179123,0.001944214105606079,1.7412326938230464e-05,1.2556613571718112e-05,2,0.019595281831252122
19,0.5239022374153137,1.0,0.024802599102258682,0.0090312659740448,0.0003324436287088083,0.00023979621138575657,0.005699560046195984,0.0021610260009765625,1.8454709188193546e-05,1.331225871339936e-05,2,0.01865172858256777
20,0.5239022374153137,1.0,0.024754177778959274,0.008438706398010254,0.00032619508517752827,0.00023528138942247034,0.004987038671970367,0.0020192861557006836,1.5246794742880592e-05,1.1005688163090444e-05,2,0.017698855743298637
21,0.5239022374153137,1.0,0.02283399924635887,0.007687821984291077,0.00027789935609669604,0.00020045828616313544,0.0048243701457977295,0.002193540334701538,1.689382325722679e-05,1.217141635626029e-05,2,0.016281829691853877
22,0.5239022374153137,1.0,0.02847824990749359,0.009941920638084412,0.0004265470802099034,0.0003077035798234873,0.0050434209406375885,0.0018224865198135376,1.4274772384795736e-05,1.0285895793854527e-05,2,0.023190305741329284
23,0.5239022374153137,1.0,0.031174302101135254,0.010011732578277588,0.0005051645721250793,0.00036438431035762386,0.005870409309864044,0.001709580421447754,1.7653635205704566e-05,1.2726955401887174e-05,2,0.022289064721422724
24,0.5239022374153137,1.0,0.03074415773153305,0.009944051504135132,0.0004929355260224174,0.00035557036885464077,0.00604499876499176,0.0017080903053283691,1.8421394853238504e-05,1.3288227500490857e-05,2,0.021863318145677685
25,0.5239022374153137,1.0,0.028632719069719315,0.009387865662574768,0.00042939461945113474,0.0003097464693236074,0.005939297378063202,0.0017361640930175781,1.787613455525827e-05,1.2902355917138175e-05,2,0.0208483827123803
26,0.5239022374153137,1.0,0.030083246529102325,0.009813517332077026,0.00047269991312145,0.0003409734596638847,0.005395140498876572,0.001664474606513977,1.4867853403947151e-05,1.0736065058192246e-05,2,0.021958125104559537
27,0.5239022374153137,1.0,0.028712868690490723,0.010066121816635132,0.00043429067574532725,0.00031327450210105745,0.0048844292759895325,0.0020044147968292236,1.2907032940607982e-05,9.288104466209646e-06,2,0.0223503115253263
28,0.5239022374153137,1.0,0.026111114770174026,0.008555471897125244,0.00035958996814501403,0.00025937815602716796,0.00489111989736557,0.0017076730728149414,1.2279471112967589e-05,8.865216620329575e-06,2,0.019835116069008875
29,0.5239022374153137,1.0,0.024864505976438522,0.008927315473556519,0.0003306561197425164,0.00023852914796690383,0.004690028727054596,0.001857459545135498,1.1970823436655513e-05,8.62767322309943e-06,2,0.01903729383728741
30,0.5239022374153137,1.0,0.022468317300081253,0.007203966379165649,0.00026717874622323324,0.00019273245139392325,0.004182800650596619,0.0017714500427246094,1.0287080003127487e-05,7.4056584917214785e-06,2,0.016462548320093792
31,0.5239022374153137,1.0,0.02092295140028,0.006770104169845581,0.000230204239629087,0.00016606470803293139,0.00359407439827919,0.0018848776817321777,8.938487620874005e-06,6.451481172092821e-06,2,0.015320590883467343
32,0.5239022374153137,1.0,0.01844046637415886,0.006004244089126587,0.0001782261818075643,0.00012854438787363032,0.0031768493354320526,0.0018944740295410156,8.919973476720336e-06,6.460477781994323e-06,2,0.013348938967889537
33,0.5239022374153137,1.0,0.026325814425945282,0.008715331554412842,0.00036379527139066047,0.0002624153663864093,0.004514515399932861,0.0015498995780944824,1.080078171795872e-05,7.806018272354942e-06,2,0.01956406855362127
34,0.5239022374153137,1.0,0.02934105694293976,0.009354561567306519,0.00045382923264265036,0.00032736859167198373,0.006431315094232559,0.001863732933998108,2.0792942006545034e-05,1.501756361077522e-05,2,0.020772867617387544
35,0.5239022374153137,1.0,0.028080053627490997,0.009868264198303223,0.0004212452013098917,0.0003038716320446222,0.00602388009428978,0.0017386078834533691,1.8265088431783003e-05,1.3201553283076484e-05,2,0.02106687017024246
36,0.5239022374153137,1.0,0.030015408992767334,0.009806722402572632,0.00047425745196165697,0.0003421044370248427,0.005978472530841827,0.0018269717693328857,1.804243410822898e-05,1.3022315687311048e-05,2,0.02121233362551475
37,0.5239022374153137,1.0,0.027683429419994354,0.009328186511993408,0.0004039630202740173,0.0002913753712841527,0.00552927702665329,0.0017018616199493408,1.5928926151237747e-05,1.1497741963156782e-05,2,0.02075954104318676
38,0.5239022374153137,1.0,0.029283717274665833,0.009046018123626709,0.00044958210691739857,0.00032429003689984914,0.006267368793487549,0.0018497109413146973,1.9770764737143682e-05,1.4246690959202057e-05,2,0.020557686879426836
39,0.5239022374153137,1.0,0.026343166828155518,0.009100466966629028,0.0003650881219513951,0.00026335541151342734,0.004351310431957245,0.00149458646774292,1.0398356731258172e-05,7.523180586638256e-06,2,0.020539096025955113
40,0.5239022374153137,1.0,0.027754884213209152,0.008661478757858276,0.0004047000622832066,0.0002919405623225957,0.005499258637428284,0.0017944872379302979,1.6134683366705676e-05,1.162381267852397e-05,2,0.018696703812205062
41,0.5239022374153137,1.0,0.025200121104717255,0.008167311549186707,0.00033345256778275997,0.0002405277323754007,0.004404217004776001,0.0018234550952911377,1.1123500155585386e-05,8.009008094667092e-06,2,0.017843245427024396
42,0.5239022374153137,1.0,0.021711550652980804,0.007214084267616272,0.0002517723030296713,0.00018162277708760888,0.004696596413850784,0.0021674036979675293,1.6333670004378144e-05,1.1771076486505327e-05,2,0.015564525218261939
43,0.5239022374153137,1.0,0.020110629498958588,0.0062271058559417725,0.00021125587230190024,0.0001523814490836939,0.003883916884660721,0.0018559396266937256,1.2508171902566424e-05,9.011562916272364e-06,2,0.01346509693633325
44,0.5239022374153137,1.0,0.03036520630121231,0.009757012128829956,0.000478516037222646,0.00034518380752404654,0.006042953580617905,0.0019915997982025146,1.8757884355814162e-05,1.3542129239707545e-05,2,0.02173825486768769
45,0.5239022374153137,1.0,0.02787359431385994,0.009327024221420288,0.0004070247763588344,0.0002936249396374435,0.005943328142166138,0.0017343014478683472,1.7941896834661923e-05,1.2972145116113554e-05,2,0.020738489484050437
46,0.5239022374153137,1.0,0.028325285762548447,0.009117841720581055,0.0004189838235803666,0.00030224411811693996,0.006134897470474243,0.0018429309129714966,1.9133637076722764e-05,1.3802001662288621e-05,2,0.020932011736979908
47,0.5239022374153137,1.0,0.029242519289255142,0.009238898754119873,0.000443445485932838,0.0003198820270202407,0.0054298751056194305,0.0019403398036956787,1.58334096464041e-05,1.1417665498392182e-05,2,0.020838849454588464
48,0.5239022374153137,1.0,0.028572775423526764,0.009090423583984375,0.00042479140638632573,0.0003064147771223158,0.005836769938468933,0.0018820017576217651,1.745295173374075e-05,1.2589643457627808e-05,2,0.01988717117530104
49,0.5239022374153137,1.0,0.028996389359235764,0.009741514921188354,0.0004381495025637841,0.00031603943080682484,0.005495250225067139,0.001774430274963379,1.569234682048803e-05,1.1304734307687747e-05,2,0.02127593165768288
50,0.5239022374153137,1.0,0.029206369072198868,0.009277045726776123,0.0004442130568944045,0.00032045061359137206,0.005416754633188248,0.0016949623823165894,1.4924829997192159e-05,1.076971440183705e-05,2,0.020246872245548615
51,0.5239022374153137,1.0,0.025391913950443268,0.008610978722572327,0.0003418967598441758,0.0002466189293809373,0.00546114519238472,0.0019924789667129517,1.6344733424496216e-05,1.1793958218403455e-05,2,0.01862025694205823
52,0.5239022374153137,1.0,0.024647217243909836,0.008086800575256348,0.000323195405806435,0.00023311757814598044,0.0055638812482357025,0.0019437968730926514,1.6584970360504367e-05,1.1959801955840899e-05,2,0.017985562647308988
53,0.5239022374153137,1.0,0.022941026836633682,0.007971137762069702,0.0002797650060027112,0.00020181151867748603,0.004749178886413574,0.0020877718925476074,1.5390286492442488e-05,1.110174500026928e-05,2,0.01693275357364271
54,0.5239022374153137,1.0,0.0203043632209301,0.00669020414352417,0.00021855812042764007,0.00015765263295322574,0.0038494057953357697,0.0018664300441741943,1.1590208080364871e-05,8.364293150514568e-06,2,0.01507943638876158
55,0.5239022374153137,1.0,0.029963016510009766,0.009299308061599731,0.00046535492274919527,0.00033568261965172264,0.005825657397508621,0.001921728253364563,1.822548928978742e-05,1.3150636798325843e-05,2,0.02071393274375881
56,0.5239022374153137,1.0,0.029705684632062912,0.010069429874420166,0.0004640290482480307,0.00033472247807764255,0.006439208984375,0.00204506516456604,2.115954810656207e-05,1.5278288721554123e-05,2,0.02062079144084375
57,0.5239022374153137,1.0,0.031196974217891693,0.00983572006225586,0.0005076520169432722,0.0003662158754125233,0.006692040711641312,0.002086430788040161,2.3348527742591565e-05,1.6831226722247017e-05,2,0.020816737972794583
58,0.5239022374153137,1.0,0.03011348843574524,0.009232625365257263,0.00047040524581148566,0.00033934055883139136,0.0056450702250003815,0.001980990171432495,1.769383754591879e-05,1.2782032292352197e-05,2,0.02023561071523306
59,0.5239022374153137,1.0,0.030102789402008057,0.00991097092628479,0.00047687909141327684,0.0003439955501428338,0.006983857601881027,0.002085074782371521,2.503793755584535e-05,1.8057328882603585e-05,2,0.020610411764267478
60,0.5239022374153137,1.0,0.029908493161201477,0.009546667337417603,0.0004695854805919302,0.00033873432206171783,0.006368085741996765,0.0018680989742279053,2.0633786335990615e-05,1.4899031772014348e-05,2,0.020699254589681693
61,0.5239022374153137,1.0,0.028043527156114578,0.009222805500030518,0.00041100443050327753,0.0002964956532866825,0.0047983452677726746,0.001691371202468872,1.3006186017704174e-05,9.404331776124986e-06,2,0.02033265602475292
62,0.5239022374153137,1.0,0.02898293361067772,0.009317576885223389,0.0004433224667465213,0.0003197709356934919,0.006177939474582672,0.0017512738704681396,1.9227896821304906e-05,1.3862545114901037e-05,2,0.019373782408293475
63,0.5239022374153137,1.0,0.027019865810871124,0.00864449143409729,0.0003825192400091892,0.0002759367558835546,0.00479261577129364,0.001710444688796997,1.1777443150271855e-05,8.49562941362958e-06,2,0.018307536955517865
64,0.5239022374153137,1.0,0.02513529732823372,0.00786583125591278,0.00033323916160629533,0.00024038496823000632,0.00479213148355484,0.0016714632511138916,1.3011303045994279e-05,9.393121770506774e-06,2,0.01618603393283323
65,0.5239022374153137,1.0,0.022738900035619736,0.006971538066864014,0.0002710176025586049,0.00019550905147330822,0.004090968519449234,0.0017735064029693604,1.0315968603402887e-05,7.430222502213812e-06,2,0.014658809406321659
66,0.5239022374153137,1.0,0.031915828585624695,0.009698987007141113,0.0005264741374759868,0.000379770813646485,0.0066375769674777985,0.002200305461883545,2.3113914887501214e-05,1.66470881598213e-05,2,0.021301520557952057
67,0.5239022374153137,1.0,0.03156052529811859,0.009823799133300781,0.0005169943358119529,0.0003729474833830404,0.00643673911690712,0.0022164881229400635,2.1910317881025578e-05,1.582357992710448e-05,2,0.021808122506274563
68,0.5239022374153137,1.0,0.030725203454494476,0.010942190885543823,0.0004960980291786085,0.00035786653382594014,0.005787204951047897,0.0023683160543441772,2.0176183760401323e-05,1.4535413676103337e-05,2,0.02469117954289754
69,0.5239022374153137,1.0,0.03194485604763031,0.009837895631790161,0.0005274559170984803,0.0003804790179427475,0.006210789084434509,0.0020848214626312256,2.0572982059378106e-05,1.4840269596666511e-05,2,0.022085154040032785
70,0.5239022374153137,1.0,0.030545353889465332,0.009408831596374512,0.00048274880811546026,0.0003482296557316411,0.005877453833818436,0.0019156336784362793,1.791600097442083e-05,1.2927388169436949e-05,2,0.02079643357650994
71,0.5239022374153137,1.0,0.030464623123407364,0.009877607226371765,0.0004853108436733496,0.00035009640018010546,0.006627220660448074,0.0021581947803497314,2.2583206713968165e-05,1.6323867779527435e-05,2,0.02118392864844299
72,0.5239022374153137,1.0,0.02969900146126747,0.009564071893692017,0.00046134161049523497,0.00033277645093768293,0.005971796810626984,0.0018474459648132324,1.8236886411878827e-05,1.3132781052055398e-05,2,0.020976472493333467
73,0.5239022374153137,1.0,0.027642473578453064,0.008893579244613647,0.00040376236951026397,0.0002912678852562689,0.005903143435716629,0.001849144697189331,1.817265251266692e-05,1.311252312025113e-05,2,0.01972073191889051
74,0.5239022374153137,1.0,0.02680802345275879,0.008604675531387329,0.00037934311204425894,0.0002736382132708659,0.005087055265903473,0.0018027126789093018,1.3738698190666234e-05,9.90292529340353e-06,2,0.019238300019393598
75,0.5239022374153137,1.0,0.02460252121090889,0.007805466651916504,0.0003186363130221737,0.00022985123961241638,0.004635658115148544,0.0017893314361572266,1.204786426017016e-05,8.701872881711203e-06,2,0.017488990192112835
76,0.5239022374153137,1.0,0.02034023031592369,0.006779849529266357,0.0002205313352040514,0.00015907600653944365,0.00424402579665184,0.002053499221801758,1.3816822904187173e-05,9.963005651980605e-06,2,0.014552197328731448
77,0.5239022374153137,1.0,0.02592737227678299,0.008793652057647705,0.0003561840622561146,0.0002569250395496603,0.0055798813700675964,0.002066880464553833,1.6592516393849346e-05,1.1976421139175963e-05,2,0.021170270283593404
78,0.5239022374153137,1.0,0.026760131120681763,0.009001463651657104,0.0003767132999123958,0.000271726303649078,0.005331996828317642,0.0018243342638015747,1.4884546965321724e-05,1.0725755175439167e-05,2,0.020795111082591335
79,0.5239022374153137,1.0,0.027340564876794815,0.009080201387405396,0.0003932972436197556,0.0002837226179342178,0.005895320326089859,0.0018043667078018188,1.779265067823046e-05,1.283840973906325e-05,2,0.021045892692847755
80,0.5239022374153137,1.0,0.027770597487688065,0.009186983108520508,0.00040416185176249137,0.0002915448749173932,0.005417276173830032,0.0018405020236968994,1.5327432184504477e-05,1.1060130491402642e-05,2,0.02169917384726576
81,0.5239022374153137,1.0,0.02736113965511322,0.009095191955566406,0.0003929361679786054,0.00028345843162555506,0.0057534947991371155,0.0018333494663238525,1.7093369103586976e-05,1.2322808838421961e-05,2,0.02063389773579509
82,0.5239022374153137,1.0,0.027775131165981293,0.009165838360786438,0.0004032494120094574,0.0002908904140543622,0.0052780285477638245,0.0018284022808074951,1.4608453712411222e-05,1.0530321282314903e-05,2,0.020654151788142373
83,0.5239022374153137,1.0,0.027856353670358658,0.009140849113464355,0.00040768339330555614,0.0002941000313388953,0.005469821393489838,0.0016559362411499023,1.5242868876308685e-05,1.0987955087776724e-05,2,0.02039380744181666
84,0.5239022374153137,1.0,0.028176013380289078,0.009015887975692749,0.0004155162604856774,0.00029972044833481704,0.005532477051019669,0.0017827898263931274,1.5629104846085612e-05,1.1277741317761159e-05,2,0.01999706072334511
85,0.5239022374153137,1.0,0.02640688419342041,0.008822038769721985,0.0003698902925280865,0.0002668045441903688,0.005375545471906662,0.001972764730453491,1.574176836754873e-05,1.1381362611390111e-05,2,0.01922664555621105
86,0.5239022374153137,1.0,0.02487081289291382,0.007954299449920654,0.0003279636260120414,0.0002365608472585934,0.005212273448705673,0.001866072416305542,1.4986374574316939e-05,1.0821560010532139e-05,2,0.017732939173249487
87,0.5239022374153137,1.0,0.02370912954211235,0.00743257999420166,0.00029627148774709214,0.00021372587893564443,0.004608370363712311,0.0017256587743759155,1.252676702110682e-05,9.028701749319579e-06,2,0.0162067229307635
88,0.5239022374153137,1.0,0.028699252754449844,0.009593799710273743,0.0004320938789627556,0.0003116935734793769,0.006075859069824219,0.0018889307975769043,1.869262641948237e-05,1.3498780879472871e-05,2,0.02120383354655079
89,0.5239022374153137,1.0,0.031352151185274124,0.009890556335449219,0.0005082377263691384,0.00036661974900303873,0.00558573380112648,0.0017166733741760254,1.6023513174610057e-05,1.1547345626472527e-05,2,0.022702132296471826
90,0.5239022374153137,1.0,0.028469011187553406,0.009200245141983032,0.0004217482147829217,0.00030421212782430485,0.0055389925837516785,0.001671433448791504,1.5587629409824944e-05,1.1221746082673567e-05,2,0.021056432966270147
91,0.5239022374153137,1.0,0.02851484715938568,0.009487003087997437,0.000426225829054906,0.000307456944938167,0.005551811307668686,0.001817271113395691,1.5854882237655856e-05,1.1418253537565093e-05,2,0.021360135701622526
92,0.5239022374153137,1.0,0.027729369699954987,0.009331494569778442,0.00040278569524679407,0.00029054101195616355,0.004954282194375992,0.0015528053045272827,1.2604542181537178e-05,9.095980539330917e-06,2,0.021666818039035293
93,0.5239022374153137,1.0,0.027375303208827972,0.00916290283203125,0.00039339805693499653,0.00028379906465955673,0.005638644099235535,0.0019196420907974243,1.6455014049453784e-05,1.1869783583501325e-05,2,0.02068457978689868
94,0.5239022374153137,1.0,0.02808961644768715,0.009448230266571045,0.0004133507603144475,0.00029815837015584323,0.00509382039308548,0.0017196834087371826,1.3359537843768876e-05,9.659221239688431e-06,2,0.02063657706873847
95,0.5239022374153137,1.0,0.027705390006303787,0.009243696928024292,0.0004033332773164455,0.00029094718479527604,0.005154889076948166,0.001954019069671631,1.5127973410127574e-05,1.0908800818387743e-05,2,0.019716417656443982
96,0.5239022374153137,1.0,0.023588232696056366,0.007648587226867676,0.0002939646090484064,0.00021204319125497917,0.004737779498100281,0.001860097050666809,1.31526459774951e-05,9.472727402010106e-06,2,0.01690706486926498
97,0.5239022374153137,1.0,0.02123085781931877,0.007459402084350586,0.00024047403002917247,0.00017346162000261844,0.0045091621577739716,0.0021094530820846558,1.5383173006097314e-05,1.1092888414165891e-05,2,0.015526656858692693
98,0.5239022374153137,1.0,0.020091086626052856,0.006534159183502197,0.00021117041616727707,0.00015231235493232131,0.0037970691919326782,0.002011612057685852,1.3516424138296781e-05,9.75003903749827e-06,2,0.014124814290291346
99,0.5239022374153137,1.0,0.032404039055109024,0.010256767272949219,0.0005419491639694208,0.00039093741092655065,0.006918713450431824,0.002341166138648987,2.5336854347399944e-05,1.8276677059336777e-05,2,0.02342960152312211
100,0.5239022374153137,1.0,0.03065420687198639,0.009959816932678223,0.00048700308043433797,0.0003513133656813383,0.00649121031165123,0.002241373062133789,2.2240974065448394e-05,1.6069548526537192e-05,2,0.022760636030185494
101,0.5239022374153137,1.0,0.029011718928813934,0.010429352521896362,0.000442622777394561,0.00031929229354643596,0.005985535681247711,0.002002120018005371,1.8727919592350034e-05,1.3501887780403843e-05,2,0.022924620597788964
102,0.5239022374153137,1.0,0.03098549321293831,0.009613007307052612,0.000493919211826434,0.00035629112404125807,0.0060277655720710754,0.002065032720565796,1.9256476621988343e-05,1.3868259921917536e-05,2,0.021351450316547067
103,0.5239022374153137,1.0,0.030716653913259506,0.009836196899414062,0.0004895671038446271,0.00035314429115926305,0.006670001894235611,0.0020484626293182373,2.27568895932983e-05,1.6404450010248928e-05,2,0.02208465404805908
104,0.5239022374153137,1.0,0.03138183429837227,0.009651035070419312,0.0005098635604829629,0.0003678074415708332,0.0063787102699279785,0.0019579529762268066,2.08625739332402e-05,1.5034264815694254e-05,2,0.022444072959103334
105,0.5239022374153137,1.0,0.03111518919467926,0.009894102811813354,0.000503822613825177,0.0003634311932266543,0.006606273353099823,0.0018708407878875732,2.2027366015574766e-05,1.5881935276657044e-05,2,0.022706738512311635
106,0.5239022374153137,1.0,0.02787986770272255,0.009053722023963928,0.00040786356638228293,0.0002942150975797919,0.006044793874025345,0.0019015371799468994,1.8668957927045525e-05,1.3485432961507504e-05,2,0.02070909043917013
107,0.5239022374153137,1.0,0.027021843940019608,0.00861947238445282,0.00038404665176424053,0.0002770348252754684,0.005450524389743805,0.0018576830625534058,1.5498147197038215e-05,1.1172099471462582e-05,2,0.019824013516659675
108,0.5239022374153137,1.0,0.025299973785877228,0.00807274878025055,0.00033905184466485427,0.00024459655919287226,0.005316585302352905,0.0021173059940338135,1.6156977873849846e-05,1.1654795927185102e-05,2,0.0191738916427057
109,0.5239022374153137,1.0,0.02315734699368477,0.007597997784614563,0.00028461046883940634,0.00020529188011891852,0.004675380885601044,0.002166450023651123,1.553608968120179e-05,1.1199469188288846e-05,2,0.01707128871539739
110,0.5239022374153137,1.0,0.03088175132870674,0.010192036628723145,0.0004979495482295047,0.00035919839721210156,0.006029762327671051,0.0018993914127349854,1.8564845946006164e-05,1.3399156171184368e-05,2,0.022217783845761396
111,0.5239022374153137,1.0,0.030536644160747528,0.009982526302337646,0.00048634400159689047,0.00035083049021547574,0.005944263190031052,0.002014532685279846,1.8218270884653325e-05,1.3123078077936778e-05,2,0.021449163088223283
112,0.5239022374153137,1.0,0.027616087347269058,0.009576767683029175,0.00040134250010403594,0.0002894962414281832,0.005122188478708267,0.0018966645002365112,1.430506777419017e-05,1.030774929783318e-05,2,0.0215091454362326
113,0.5239022374153137,1.0,0.029974982142448425,0.009892970323562622,0.0004704883131646338,0.0003394004792605654,0.005833089351654053,0.0018195509910583496,1.734966628402112e-05,1.2515138754554123e-05,2,0.02158145318290223
114,0.5239022374153137,1.0,0.02941301092505455,0.010105520486831665,0.00045374854967897434,0.0003273215670871743,0.005323830991983414,0.001807868480682373,1.4956169983843377e-05,1.0807222584646725e-05,2,0.022304221511135237
115,0.5239022374153137,1.0,0.031457263976335526,0.010166853666305542,0.0005135822994234481,0.0003704750435235826,0.005738474428653717,0.0018509477376937866,1.692537122386891e-05,1.2201623984436916e-05,2,0.022531527203118205
116,0.5239022374153137,1.0,0.02882162481546402,0.009472817182540894,0.00043739095559275224,0.0003155481341847455,0.005941588431596756,0.0016589462757110596,1.7743965834599008e-05,1.2788389886747575e-05,2,0.020254819320112888
117,0.5239022374153137,1.0,0.026054266840219498,0.008601218461990356,0.0003544083071091318,0.00025565527884843786,0.004102546721696854,0.0013902336359024048,9.215751084561962e-06,6.636583323005318e-06,2,0.019921721840144783
118,0.5239022374153137,1.0,0.02781403437256813,0.008625239133834839,0.00040563125248002044,0.00029260482348159034,0.005511939525604248,0.0016858875751495361,1.5698433643923366e-05,1.1324026183895386e-05,2,0.019021088256760903
119,0.5239022374153137,1.0,0.024495329707860947,0.008065342903137207,0.00031819273959611343,0.00022952381844085212,0.005304805934429169,0.0016766786575317383,1.4790400159013847e-05,1.0676469061776661e-05,2,0.017268015587948257
120,0.5239022374153137,1.0,0.023924026638269424,0.007672235369682312,0.00030237797330012967,0.0002181084254062604,0.0043944790959358215,0.001822829246520996,1.1594020023260825e-05,8.355867015169549e-06,2,0.016920124897447285
121,0.5239022374153137,1.0,0.026414994150400162,0.008675873279571533,0.00036672344484290405,0.00026455367407768327,0.004884134978055954,0.0018365979194641113,1.3332566471511937e-05,9.598787313852553e-06,2,0.0185874165497271
122,0.5239022374153137,1.0,0.026283305138349533,0.008859902620315552,0.00036664503436762406,0.0002644747611341425,0.005602460354566574,0.0018847882747650146,1.6930159414303686e-05,1.22237043851392e-05,2,0.01881752556492243
123,0.5239022374153137,1.0,0.028292447328567505,0.009077250957489014,0.00041878671971114505,0.000302075860697526,0.005361150950193405,0.0017664730548858643,1.4705597789114436e-05,1.0589220050261083e-05,2,0.01990467723682575
124,0.5239022374153137,1.0,0.027878161519765854,0.009122326970100403,0.00040909919426190887,0.0002951138652675933,0.005537856370210648,0.0017905235290527344,1.56212003476965e-05,1.128694058874502e-05,2,0.019694485656491074
125,0.5239022374153137,1.0,0.026216406375169754,0.009031623601913452,0.0003647976961071394,0.0002631645400022198,0.005490574985742569,0.0017458796501159668,1.5633798784276737e-05,1.1266226117329081e-05,2,0.019028632776689022
126,0.5239022374153137,1.0,0.028394579887390137,0.009822070598602295,0.0004241658203565917,0.0003059709627714624,0.0047522857785224915,0.0017991960048675537,1.1899384975982464e-05,8.605943589062859e-06,2,0.021926725377095953
127,0.5239022374153137,1.0,0.02769237384200096,0.008994877338409424,0.00040361583503729296,0.00029112865536476407,0.005488790571689606,0.0017081499099731445,1.5363122798339377e-05,1.1074699956259426e-05,2,0.019370112983842537
128,0.5239022374153137,1.0,0.02856052666902542,0.00903823971748352,0.0004269322233256311,0.0003079590501131324,0.005073577165603638,0.0015363097190856934,1.3127311374216163e-05,9.454452348706122e-06,2,0.019237392262897238
129,0.5239022374153137,1.0,0.02494656667113304,0.00874289870262146,0.00033040972806390196,0.00023833651277932466,0.004580635577440262,0.0017163455486297607,1.1077117749068243e-05,8.009077873460946e-06,2,0.01856177819401514
130,0.5239022374153137,1.0,0.025171790271997452,0.008094549179077148,0.0003336948137225948,0.00024069875059307133,0.005005214363336563,0.001706153154373169,1.3595550601557248e-05,9.810842005852916e-06,2,0.01686283895458434
131,0.5239022374153137,1.0,0.022403672337532043,0.007453709840774536,0.0002658540149369671,0.0001917731344749929,0.004413183778524399,0.0018432140350341797,1.1973766345422818e-05,8.633521373424546e-06,2,0.015560961096620363
132,0.5239022374153137,1.0,0.025930259376764297,0.008734598755836487,0.0003589010709674318,0.0002588961229174902,0.005853187292814255,0.0021544992923736572,1.8755161561081102e-05,1.3525263997338222e-05,2,0.020015894623831867
133,0.5239022374153137,1.0,0.02624431997537613,0.008761286735534668,0.0003628995852967636,0.00026176926544349555,0.005344916135072708,0.0017202943563461304,1.4865853386847815e-05,1.0742072931335667e-05,2,0.020157164405934964
134,0.5239022374153137,1.0,0.027585208415985107,0.009325653314590454,0.00040007462858256755,0.0002885779401596289,0.005432453006505966,0.0017077624797821045,1.5116592915681148e-05,1.0915492688251538e-05,2,0.02088530656284488
135,0.5239022374153137,1.0,0.027248002588748932,0.009223580360412598,0.00039002120268007644,0.0002813482780546217,0.005152083933353424,0.0016687661409378052,1.3731538292624404e-05,9.912661679878365e-06,2,0.021173756071978536
136,0.5239022374153137,1.0,0.025018516927957535,0.008554637432098389,0.0003301413657862593,0.00023813547973519644,0.004905425012111664,0.0015947222709655762,1.243357193817787e-05,8.976376868474745e-06,2,0.020281469426191953
137,0.5239022374153137,1.0,0.026105500757694244,0.008797049522399902,0.0003617349274985806,0.0002609440435898669,0.005607906728982925,0.001934930682182312,1.653783714168172e-05,1.1948154267193978e-05,2,0.020245198183747357
138,0.5239022374153137,1.0,0.026244670152664185,0.008494257926940918,0.0003635312515315927,0.0002622323668963755,0.0051683709025382996,0.0017550885677337646,1.3881504552326715e-05,1.0005938308244033e-05,2,0.019866155286215416
139,0.5239022374153137,1.0,0.027479201555252075,0.009185045957565308,0.0003986775552578996,0.0002875552636197598,0.005304805934429169,0.001783818006515503,1.4482838879068059e-05,1.0454610495036487e-05,2,0.019872777080427922
140,0.5239022374153137,1.0,0.024370145052671432,0.007969468832015991,0.0003164897178360229,0.00022829534791704575,0.004888579249382019,0.001835852861404419,1.3395552004146145e-05,9.662848223124243e-06,2,0.01801764295946516
141,0.5239022374153137,1.0,0.02283463254570961,0.007928580045700073,0.00028028154242654775,0.00020216921978488678,0.00495518371462822,0.0022912025451660156,1.6720915195801185e-05,1.2057865425740832e-05,2,0.016609253393442734
142,0.5239022374153137,1.0,0.02042863890528679,0.007145583629608154,0.00022379643686754015,0.0001614461806896117,0.004370827227830887,0.002158552408218384,1.608357290860642e-05,1.1590669566657885e-05,2,0.014802906989488544
143,0.5239022374153137,1.0,0.02856723591685295,0.009929105639457703,0.00043169516903235686,0.00031139851447906097,0.006272375583648682,0.001798003911972046,1.983965489523056e-05,1.4326187026403314e-05,2,0.021272618393472886
144,0.5239022374153137,1.0,0.029195673763751984,0.009334906935691833,0.00044567575484349867,0.0003214796500979611,0.005729075521230698,0.0019125938415527344,1.6899481587690477e-05,1.2186673849778895e-05,2,0.020178658036617676
145,0.5239022374153137,1.0,0.03110961616039276,0.009511709213256836,0.0005017048844013191,0.0003619184755190019,0.0059015341103076935,0.001710936427116394,1.7592708153804345e-05,1.2694181694999918e-05,2,0.021248199234445105
146,0.5239022374153137,1.0,0.03064000979065895,0.009585738182067871,0.0004878183156743663,0.00035190515889063634,0.00608435645699501,0.0017620325088500977,1.867917147077542e-05,1.346299815352392e-05,2,0.020842616333301596
147,0.5239022374153137,1.0,0.028272300958633423,0.00971248745918274,0.00041853398384197036,0.0003019233526273257,0.004852086305618286,0.001669853925704956,1.3002857185115784e-05,9.379578789103782e-06,2,0.02183401150738451
148,0.5239022374153137,1.0,0.028967414051294327,0.00923815369606018,0.0004381380761682965,0.0003160535401466047,0.005294129252433777,0.0016250312328338623,1.43708737730739e-05,1.0366394162852899e-05,2,0.020563074306734506
149,0.5239022374153137,1.0,0.02716010808944702,0.008775845170021057,0.0003891116551216073,0.00028069962875920673,0.005548972636461258,0.0019923150539398193,1.6074135131835174e-05,1.1598762810899332e-05,2,0.019105261798588076
150,0.5239022374153137,1.0,0.02659459039568901,0.00826236605644226,0.00037053842774383483,0.00026728325079211634,0.00503983348608017,0.0014353245496749878,1.280515208355881e-05,9.229514123826332e-06,2,0.018217703826237892
151,0.5239022374153137,1.0,0.025622166693210602,0.008125156164169312,0.0003440104657165765,0.0002481585470322234,0.004401419311761856,0.0017957687377929688,1.0883639734374359e-05,7.854611826091373e-06,2,0.018062568099552173
152,0.5239022374153137,1.0,0.022876251488924026,0.007225364446640015,0.0002766092188138641,0.0001995350994137557,0.004681393504142761,0.001968786120414734,1.4919023416914496e-05,1.0776701710402126e-05,2,0.01567880717675288
153,0.5239022374153137,1.0,0.019552309066057205,0.006272733211517334,0.00020198657895437264,0.00014567644085974885,0.004201546311378479,0.002286970615386963,1.584231820229298e-05,1.1398014630847886e-05,2,0.01411764320063856
154,0.5239022374153137,1.0,0.0305146723985672,0.010016292333602905,0.00048608934965424966,0.0003506393470875113,0.006595104932785034,0.0018961429595947266,2.1939592797237846e-05,1.584097202500523e-05,2,0.021468680477397077
155,0.5239022374153137,1.0,0.03005116805434227,0.009362727403640747,0.0004695641409149902,0.00033871520344844197,0.006589420139789581,0.0019334852695465088,2.1970488765288504e-05,1.5870709335480404e-05,2,0.020945190757559316
156,0.5239022374153137,1.0,0.030823763459920883,0.01008981466293335,0.0004956489583057501,0.00035754632295562083,0.006668765097856522,0.0019249022006988525,2.248007586735408e-05,1.620477111552443e-05,2,0.021941955737700768
157,0.5239022374153137,1.0,0.030802447348833084,0.009730741381645203,0.0004920041970829152,0.0003548799305819472,0.0059355758130550385,0.0018838942050933838,1.8294995741298902e-05,1.3193324524235495e-05,2,0.021695282106897806
158,0.5239022374153137,1.0,0.030064336955547333,0.009787291288375854,0.0004747082347690958,0.00034242215750462934,0.006775178015232086,0.0018997639417648315,2.3091860593488765e-05,1.666470696215505e-05,2,0.021189506295352753
159,0.5239022374153137,1.0,0.0290352925658226,0.009383201599121094,0.0004411858213247909,0.00031825574884852825,0.00587594136595726,0.0018177181482315063,1.7921340892281505e-05,1.2953591847802981e-05,2,0.02096127935819246
160,0.5239022374153137,1.0,0.02835368737578392,0.00888851284980774,0.0004200181832898222,0.00030297534976747587,0.005394667387008667,0.0015613138675689697,1.474945288278904e-05,1.0609678942508083e-05,2,0.01957036146301116
161,0.5239022374153137,1.0,0.025798838585615158,0.008421003818511963,0.00035332485564203674,0.0002548811843997023,0.005809862166643143,0.002053588628768921,1.7874233692727738e-05,1.2897259444422104e-05,2,0.018226354200211646
162,0.5239022374153137,1.0,0.02587968483567238,0.0081348717212677,0.0003530826235274868,0.0002546990002838534,0.0050688982009887695,0.0017339140176773071,1.3966478466977974e-05,1.0074684611477425e-05,2,0.017652712794819655
163,0.5239022374153137,1.0,0.023019813001155853,0.007445588707923889,0.00027877022200852746,0.00020108275783894958,0.004274815320968628,0.001697629690170288,1.1420274159483224e-05,8.252887608917181e-06,2,0.015892872008413633
164,0.5239022374153137,1.0,0.019710727035999298,0.0066054463386535645,0.0002064467564432004,0.00014892730644466834,0.004275597631931305,0.0021049678325653076,1.6219050809673517e-05,1.1707022666090916e-05,2,0.013768727129732344
165,0.5239022374153137,1.0,0.027152564376592636,0.00896388292312622,0.000388077542355883,0.00027993504762829913,0.005868837237358093,0.0016425848007202148,1.7272850485739865e-05,1.245972786886873e-05,2,0.019491108193093076
166,0.5239022374153137,1.0,0.029212672263383865,0.009393393993377686,0.0004497603035669845,0.00032443720506272755,0.006299339234828949,0.0018064528703689575,1.993988864067175e-05,1.4391039809491524e-05,2,0.021767087976353475
167,0.5239022374153137,1.0,0.028046179562807083,0.009193181991577148,0.00041689942342398433,0.0003007330906519001,0.005930598825216293,0.0017361491918563843,1.7694710857317302e-05,1.2775211672810816e-05,2,0.020242245568633063
168,0.5239022374153137,1.0,0.027788005769252777,0.00952252745628357,0.00040900911075335646,0.00029503025730048815,0.005886126309633255,0.0017513036727905273,1.750461292135836e-05,1.2630634417448716e-05,2,0.020148679337482663
169,0.5239022374153137,1.0,0.02794068679213524,0.009815707802772522,0.00041079259177893845,0.0002963055910452095,0.005316387861967087,0.0017870664596557617,1.4815788003071621e-05,1.0668705487881791e-05,2,0.02096099531102013
170,0.5239022374153137,1.0,0.028032425791025162,0.010755255818367004,0.00042276551460592,0.000304979482141976,0.004099387675523758,0.00193101167678833,1.005201629750436e-05,7.254722321908824e-06,2,0.02337760669969311
171,0.5239022374153137,1.0,0.025261390954256058,0.009307891130447388,0.0003406947433828799,0.0002457481324967814,0.004699990153312683,0.001960545778274536,1.1946107601363418e-05,8.632196258406832e-06,2,0.020176023437678423
172,0.5239022374153137,1.0,0.02585672214627266,0.008356988430023193,0.00035115042111809216,0.00025329030970572264,0.004723194986581802,0.0016765296459197998,1.1557423457399067e-05,8.340644043980383e-06,2,0.018717529380092156
173,0.5239022374153137,1.0,0.022523462772369385,0.007326558232307434,0.0002658124255256089,0.00019175803521739865,0.0038199201226234436,0.0015674829483032227,7.812192012551339e-06,5.6129535956628285e-06,2,0.016382596353413242
174,0.5239022374153137,1.0,0.021605294197797775,0.007601827383041382,0.00024670499345449384,0.00017797121118059978,0.0038391798734664917,0.002110421657562256,9.151740083764747e-06,6.60158501714081e-06,2,0.01652912883384562
175,0.5239022374153137,1.0,0.018911316990852356,0.0065183937549591064,0.00018920455306418614,0.0001364673340485123,0.003989778459072113,0.001987665891647339,1.2461512299228011e-05,8.996531578570055e-06,2,0.012966345842271916
176,0.5239022374153137,1.0,0.03131399303674698,0.009909451007843018,0.0005074750910576795,0.00036607334920238377,0.006732363253831863,0.002109020948410034,2.353296442661408e-05,1.6979170828157475e-05,2,0.021640523589624025
177,0.5239022374153137,1.0,0.03071058914065361,0.00997893512248993,0.0004884712154956546,0.00035235377481593333,0.006256900727748871,0.0021959245204925537,2.1365159301959153e-05,1.540425410576085e-05,2,0.022101175050273
178,0.5239022374153137,1.0,0.030375760048627853,0.009640932083129883,0.00047733103385090244,0.0003443178324092633,0.006059594452381134,0.0019457042217254639,1.9140064744598852e-05,1.381408882525359e-05,2,0.02123470910995233
179,0.5239022374153137,1.0,0.02889014407992363,0.009067267179489136,0.00043200346762594646,0.00031162090490505223,0.005625143647193909,0.001996457576751709,1.689942846239942e-05,1.2190360818287171e-05,2,0.021171119629487166
180,0.5239022374153137,1.0,0.029946941882371902,0.01011541485786438,0.0004683384480529331,0.00033783850352206435,0.005868092179298401,0.0017889738082885742,1.7612123363851598e-05,1.2704461518214805e-05,2,0.022046936559612346
181,0.5239022374153137,1.0,0.02729562669992447,0.008377909660339355,0.0003822178559582676,0.00027571935324577357,0.004668191075325012,0.0016436278820037842,1.2277614530168226e-05,8.841525637098835e-06,2,0.01963243266549595
182,0.5239022374153137,1.0,0.026608135551214218,0.00866013765335083,0.0003708879870147387,0.0002675503056667472,0.005210220813751221,0.0014814585447311401,1.3690035643651075e-05,9.890174427651388e-06,2,0.019233120706490955
183,0.5239022374153137,1.0,0.027120836079120636,0.009119957685470581,0.0003881649182166211,0.00027999435069850365,0.005545143038034439,0.0017591416835784912,1.5863105548357618e-05,1.1431635982994681e-05,2,0.019351818806970393
184,0.5239022374153137,1.0,0.02439381554722786,0.007768750190734863,0.0003113277255146576,0.00022454940581345673,0.0042957887053489685,0.001226469874382019,9.290137685498542e-06,6.7237695258459684e-06,2,0.017233673393223133
185,0.5239022374153137,1.0,0.024227961897850037,0.008384108543395996,0.0003097171927430903,0.00022344353134667871,0.004079069942235947,0.001797705888748169,9.245790244350951e-06,6.66570257693011e-06,2,0.018213540328188726
186,0.5239022374153137,1.0,0.02090609073638916,0.008333653211593628,0.0002391119000273471,0.0001724976773546938,0.003039725124835968,0.0020985007286071777,6.362385216605004e-06,4.596941380718977e-06,2,0.01837321807364934
187,0.5239022374153137,1.0,0.03001050278544426,0.009706482291221619,0.00047314874691993416,0.000341315851263041,0.006693728268146515,0.001988619565963745,2.2713145004205418e-05,1.6391521410946686e-05,2,0.021466797789150588
188,0.5239022374153137,1.0,0.029671475291252136,0.009323865175247192,0.00045839765437983237,0.0003306640113645565,0.005799058824777603,0.0018984079360961914,1.7754115503138012e-05,1.2795711324925518e-05,2,0.02029763227602207
189,0.5239022374153137,1.0,0.02973334491252899,0.00948682427406311,0.00046060384533390874,0.00033224054057762187,0.005842752754688263,0.0020563602447509766,1.8673983593537892e-05,1.3462981181378009e-05,2,0.02142803037287215
190,0.5239022374153137,1.0,0.03060959279537201,0.009980887174606323,0.0004911542058603393,0.00035429286855326314,0.006823651492595673,0.0020528286695480347,2.3567021507159172e-05,1.6992561947953844e-05,2,0.02208212340108493
191,0.5239022374153137,1.0,0.02867869660258293,0.009716331958770752,0.00043391663234347935,0.00031301586269139037,0.005919318646192551,0.001851782202720642,1.781679778320921e-05,1.2848377612895145e-05,2,0.020620822341570033
192,0.5239022374153137,1.0,0.028155438601970673,0.009143710136413574,0.00041828076152945174,0.00030173324075943864,0.006256159394979477,0.00173872709274292,1.9638844428037793e-05,1.4162706442222284e-05,2,0.02069742449072405
193,0.5239022374153137,1.0,0.028323527425527573,0.009131461381912231,0.0004243248647585376,0.0003060819637661638,0.006230901926755905,0.0018341243267059326,1.9731342683100962e-05,1.421452866801065e-05,2,0.020934639951224965
194,0.5239022374153137,1.0,0.0269739031791687,0.00882139801979065,0.00038572301747479367,0.000278240342233782,0.005452197045087814,0.001872330904006958,1.5464449725072693e-05,1.11366160127635e-05,2,0.020211397570917583
195,0.5239022374153137,1.0,0.02450619637966156,0.008317798376083374,0.000322408388556159,0.0002325684916554549,0.005642309784889221,0.002100646495819092,1.7877844961270946e-05,1.291104029488288e-05,2,0.018524614809671207
196,0.5239022374153137,1.0,0.022688262164592743,0.007307082414627075,0.00027194675196848955,0.00019617556580597828,0.004304215312004089,0.0014893412590026855,9.934136695232299e-06,7.195767195267155e-06,2,0.01600133804633979
197,0.5239022374153137,1.0,0.022275611758232117,0.007417023181915283,0.0002610615006725502,0.00018830116503246175,0.003950789570808411,0.0015396177768707275,9.800320881242253e-06,7.0694371672730405e-06,2,0.01464013919871092
198,0.5239022374153137,1.0,0.031024102121591568,0.009664684534072876,0.000500541240305532,0.000361053006703721,0.006468251347541809,0.0019156932830810547,2.112458674602554e-05,1.5238168269676722e-05,2,0.021527266409652114
199,0.5239022374153137,1.0,0.030542317777872086,0.009412139654159546,0.0004843838810047231,0.00034942773795756943,0.005849387496709824,0.0018949955701828003,1.780176498255041e-05,1.2822632578290971e-05,2,0.021241744616374562
200,0.5239022374153137,1.0,0.030492760241031647,0.009667664766311646,0.00048302743224984553,0.00034843809114065705,0.006045285612344742,0.0018886029720306396,1.8592312648850115e-05,1.3415243918846187e-05,2,0.021085031454428638
201,0.5239022374153137,1.0,0.030187532305717468,0.009559839963912964,0.0004761650417629561,0.0003434953733592039,0.00657561793923378,0.001913696527481079,2.1909690701209358e-05,1.5808226351360366e-05,2,0.020838946537361888
202,0.5239022374153137,1.0,0.029261458665132523,0.009475022554397583,0.0004473577847104648,0.00032270415404273,0.005963515490293503,0.0019163340330123901,1.894899794283611e-05,1.3665087390646313e-05,2,0.021583371686331024
203,0.5239022374153137,1.0,0.029303383082151413,0.009355276823043823,0.00045023236621830184,0.00032477027570521066,0.00621388852596283,0.0016912221908569336,1.9414232918574497e-05,1.3974606454747462e-05,2,0.02029376934324849
204,0.5239022374153137,1.0,0.02929077297449112,0.009192287921905518,0.0004501587835845269,0.0003247283729255479,0.006295923143625259,0.0016728043556213379,1.9869747137018915e-05,1.4306915797068775e-05,2,0.019945470875161297
205,0.5239022374153137,1.0,0.027172863483428955,0.00900965929031372,0.00038968717714926455,0.0002810700766632812,0.005964227020740509,0.0019834786653518677,1.820073923763742e-05,1.3106706377552513e-05,2,0.01909495970776215
206,0.5239022374153137,1.0,0.026634428650140762,0.008323758840560913,0.00037298739112196356,0.0002690423538719844,0.005409836769104004,0.0017143189907073975,1.5363528656873386e-05,1.1097344463084635e-05,2,0.017998318916347893
207,0.5239022374153137,1.0,0.025318332016468048,0.007762223482131958,0.00033378080396628926,0.00024077940589370406,0.004024270921945572,0.001577138900756836,8.95229942211314e-06,6.46144428062545e-06,2,0.01716696074442968
208,0.5239022374153137,1.0,0.021980512887239456,0.007037490606307983,0.00025486779823872337,0.0001838519795910043,0.004875976592302322,0.0021693408489227295,1.666420559844433e-05,1.2024408678895648e-05,2,0.015058427932236287
209,0.5239022374153137,1.0,0.026274986565113068,0.008621826767921448,0.00035968169719365994,0.0002594629510005442,0.00468207523226738,0.0015481114387512207,1.1663438469918604e-05,8.409667129893883e-06,2,0.01980902138958974
210,0.5239022374153137,1.0,0.026703227311372757,0.009310513734817505,0.000377797944143766,0.0002725273355273783,0.005595594644546509,0.0018130987882614136,1.618462823486778e-05,1.1674741446587866e-05,2,0.020114174724002315
211,0.5239022374153137,1.0,0.028571296483278275,0.009881854057312012,0.0004286881847169123,0.0003092368843796711,0.005228538066148758,0.0017627477645874023,1.429272889768798e-05,1.0328651002255995e-05,2,0.02217068596784784
212,0.5239022374153137,1.0,0.02769456058740616,0.009416520595550537,0.00040517430674911125,0.0002922789321018471,0.005707982927560806,0.0018200427293777466,1.6776346477293772e-05,1.2120202385029755e-05,2,0.021163528811360563
213,0.5239022374153137,1.0,0.02793462574481964,0.009690284729003906,0.0004095959893822322,0.00029546105132483014,0.004865996539592743,0.0017443299293518066,1.2638646690266533e-05,9.109405871315923e-06,2,0.021979887970062686
214,0.5239022374153137,1.0,0.027774397283792496,0.010063305497169495,0.0004091870122048093,0.00029513995961991113,0.005195777863264084,0.001962795853614807,1.42281330243278e-05,1.0244802026160293e-05,2,0.0212715818651725
215,0.5239022374153137,1.0,0.02803529053926468,0.009967058897018433,0.000413624730604048,0.0002983746243962748,0.004801847040653229,0.0019138455390930176,1.2955705704360509e-05,9.323214443662797e-06,2,0.02161942925731611
216,0.5239022374153137,1.0,0.026949118822813034,0.009395450353622437,0.00038670362002789574,0.0002789439721637421,0.005899045616388321,0.0019522756338119507,1.8695174834837576e-05,1.3489443301650805e-05,2,0.01986835508947938
217,0.5239022374153137,1.0,0.026050154119729996,0.009781301021575928,0.0003618615953037503,0.0002610316898067899,0.0042008087038993835,0.0019417405128479004,9.812014511706229e-06,7.085322919153647e-06,2,0.020201310415973832
218,0.5239022374153137,1.0,0.024493958801031113,0.008357122540473938,0.0003190305037885808,0.00023012813756381756,0.004863571375608444,0.0019688010215759277,1.490791184679505e-05,1.0764961116571659e-05,2,0.018167754885377273
219,0.5239022374153137,1.0,0.020772166550159454,0.007149040699005127,0.0002294348153783442,0.00016549478459623734,0.004011847078800201,0.001919567584991455,1.2050307997078093e-05,8.685009213804662e-06,2,0.015228040648076292
